1,:,sanket
2,:,sanket
3,:,sanket
4,:,sanket
5,:,sanket
6,:,sanket
7,:,sanket
8,:,sanket
9,:,sanket
10,:,sanket
11,:,sanket
12,:,sanket
13,:,sanket
14,:,sanket
15,:,sanket
16,:,sanket
17,:,sanket
18,:,sanket
19,:,sanket
20,:,sanket
21,:,sanket
22,:,sanket
23,:,sanket
24,:,sanket
25,:,sanket
26,:,sanket
27,:,sanket
28,:,sanket
29,:,sanket
30,:,sanket
31,:,sanket
32,:,sanket
33,:,sanket
34,:,sanket
35,:,sanket
36,:,sanket
37,:,sanket
38,:,sanket
39,:,sanket
40,:,sanket
41,:,sanket
42,:,sanket
43,:,sanket
44,:,sanket
45,:,sanket
46,:,sanket
47,:,sanket
48,:,sanket
49,:,sanket
50,:,sanket
51,:,sanket
52,:,sanket
53,:,sanket
54,:,sanket
55,:,sanket
56,:,sanket
57,:,sanket
58,:,sanket
59,:,sanket
60,:,sanket
61,:,sanket
62,:,sanket
63,:,sanket
64,:,sanket
65,:,sanket
66,:,sanket
67,:,sanket
68,:,sanket
69,:,sanket
70,:,sanket
71,:,sanket
72,:,sanket
73,:,sanket
74,:,sanket
75,:,sanket
76,:,sanket
77,:,sanket
78,:,sanket
79,:,sanket
80,:,sanket
81,:,sanket
82,:,sanket
83,:,sanket
84,:,sanket
85,:,sanket
86,:,sanket
87,:,sanket
88,:,sanket
89,:,sanket
90,:,sanket
91,:,sanket
92,:,sanket
93,:,sanket
94,:,sanket
95,:,sanket
96,:,sanket
97,:,sanket
98,:,sanket
99,:,sanket
100,:,sanket
